{
  "E0": -166.3335,
  "Delta": 7.2429728916,
  "ratio": 22.964810512117808,
  "six_ratio": 137.78886307270685,
  "alpha": 0.007297352628463597,
  "Delta_MeV": 13.618981666245457,
  "m_e": 0.5109843918421101,
  "m_mu": 105.61193759973433,
  "m_tau": 1774.6522937528114,
  "m_H": 122263.66095278562,
  "X_MeV": 1.8803027251475701,
  "timestamp": "2026-03-13T12:21:36.225183"
}